time,session 
0,954.0589575812387 
10,1993.9681848606333 
18,2204.3513676391804 
