time,size_sent,size_rcv 
0,2.88046875,6.4640625 
10,13.25703125,30.7765625 
18,7.7328125,11.5234375 
