time,connect,request 
0,4.279473163836876,162.45078122152685 
10,1.0328167434738846,210.6810690045984 
18,0,4.986722880483202 
