time,freemem@tsung_controller@ip-172-31-42-10 
0,680.7109375 
10,682.03515625 
18,680.984375 
