time,freemem@tsung_controller@ip-172-31-42-10 
0,680.7109375 
10,680.7109375 
18,680.7109375 
