time,cpu@tsung_controller@ip-172-31-42-10 
0,1.7299549810003187 
10,0.2 
18,0.050075112669003496 
