time,size_sent,size_rcv 
0,2.88046875,6.4640625 
10,16.1375,37.240625 
18,23.8703125,48.7640625 
