time,connect,request 
0,3.1902,222.83662500000005 
10,1.3518800000000004,294.2400263157895 
18,0,17.375357142857144 
