time,cpu@tsung_controller@ip-172-31-42-10 
0,1.7299549810003187 
10,1.7299549810003187 
18,1.7299549810003187 
