time,session 
0,5292.172 
10,4510.4081428571435 
18,6390.290333333333 
