time,session 
10,8542.323624999999 
20,10916.2125 
30,13808.396 
40,0 
50,0 
60,0 
70,0 
80,0 
90,0 
100,83024.13194444444 
110,87982.40766341465 
119,88804.2006527416 
