time,cpu@tsung_controller@ip-172-31-42-10 
0,2.2263954263116044 
10,0.25012506253126565 
12,0.10010010010010009 
