time,freemem@tsung_controller@ip-172-31-42-10 
0,681.46484375 
10,681.46484375 
12,681.46484375 
