time,freemem@tsung_controller@ip-172-31-42-10 
0,681.46484375 
10,683.0390625 
12,683.10546875 
