time,page 
0,384.92571428571426 
10,429.9309523809524 
12,0 
