time,size_sent,size_rcv 
0,3.4125,11.2328125 
10,8.53125,28.08046875 
12,8.53125,28.08046875 
