time,session 
0,387.3872142857143 
10,431.98480952380953 
12,0 
