time,cpu@tsung_controller@ip-172-31-42-10 
0,2.2263954263116044 
10,2.2263954263116044 
12,2.2263954263116044 
