time,size_sent,size_rcv 
0,3.4125,11.2328125 
10,5.11875,16.84765625 
12,0,0 
