time,request,connect 
0,48.8585436430351,1.6044280006231733 
10,148.56055071713584,0.4604972812425129 
12,0,0 
