time,page 
0,48.8585436430351 
10,148.56055071713584 
12,0 
