time,request,connect 
0,384.92571428571426,1.6649285714285713 
10,429.9309523809524,1.0786666666666664 
12,0,0 
