time,session 
0,48.14153714558557 
10,148.59031203843003 
12,0 
