time,cpu@tsung_controller@ip-172-31-41-210 
0,6.170664540236812 
10,0.7477567298105683 
20,0.7477567298105683 
28,0.499001996007984 
