time,session 
10,16085.209 
20,17169.4683076923 
28,16676.40027777778 
