time,freemem@tsung_controller@ip-172-31-41-210 
0,683.12109375 
10,678.9375 
20,670.02734375 
28,676.69921875 
