time,cpu@tsung_controller@ip-172-31-41-210 
0,6.170664540236812 
10,6.170664540236812 
20,6.170664540236812 
28,6.170664540236812 
