time,size_sent,size_rcv 
0,14.46796875,105.084375 
10,67.9625,428.56015625 
20,108.9359375,554.86171875 
28,128.684375,591.82578125 
