time,connect,request 
0,4.650534852382374,117.50498662629535 
10,0.8613887828156811,449.1264531355034 
20,0,8.45544719213757 
28,0,8.02492841502817 
