time,size_sent,size_rcv 
0,14.46796875,105.084375 
10,53.49453125,323.47578125 
20,40.9734375,126.3015625 
28,19.7484375,36.9640625 
