time,session 
10,1524.934488725335 
20,1677.5503782283001 
28,1663.5811565275471 
