time,connect,request 
0,3.3876363636363647,63.63520588235296 
10,2.0578695652173913,261.98937391304355 
20,0,18.14583606557378 
28,0,21.760071428571422 
