time,freemem@tsung_controller@ip-172-31-41-210 
0,683.12109375 
10,683.12109375 
20,683.12109375 
28,683.12109375 
