time,request,connect 
0,5.3365,2.21575 
10,4.941320000000001,1.2572400000000001 
12,0,0 
