time,page 
0,2.457865486555356 
10,1.4815015550447461 
12,0 
