time,size_sent,size_rcv 
0,1.98125,1.475 
10,8.17265625,6.084375 
12,8.17265625,6.084375 
