time,session 
0,4.095573111435213 
10,1.4677736163621724 
12,0 
