time,request,connect 
0,2.457865486555356,2.0167124082278067 
10,1.4815015550447461,0.7052305881057629 
12,0,0 
