time,cpu@tsung_controller@ip-172-31-42-10 
0,2.739269258750303 
10,2.739269258750303 
12,2.739269258750303 
