time,cpu@tsung_controller@ip-172-31-43-129 
0,5.054228633518428 
10,0.399002493765586 
20,0.399002493765586 
30,0.399002493765586 
40,0.399002493765586 
50,0.399002493765586 
60,0.399002493765586 
70,0.399002493765586 
80,0.399002493765586 
90,0.399002493765586 
100,0.399002493765586 
110,0.399002493765586 
120,0.399002493765586 
130,0.399002493765586 
140,0.399002493765586 
150,0.399002493765586 
