time,load@tsung_controller@ip-172-31-43-129 
0,0.0390625 
10,0.0390625 
20,0.0390625 
30,0.0390625 
40,0.0390625 
50,0.0390625 
60,0.0390625 
70,0.0390625 
80,0.0390625 
90,0.0390625 
100,0.0390625 
110,0.0390625 
120,0.0390625 
130,0.0390625 
140,0.0390625 
150,0.0390625 
