time,load@tsung_controller@ip-172-31-43-129 
0,0.0390625 
10,0.03125 
20,0.01953125 
30,0.01953125 
40,0.01953125 
50,0.01171875 
60,0.01171875 
70,0.01171875 
80,0.01171875 
90,0.01171875 
100,0.0 
110,0.0 
120,0.0 
130,0.0 
140,0.0 
150,0.0 
