time,connect,request 
0,4.641940768554187,145.97793456808952 
10,1.0823238814583183,177.65295861209432 
20,0,4.400862143719648 
24,0,0 
