time,size_sent,size_rcv 
0,2.75078125,7.94140625 
10,13.5703125,35.81328125 
20,9.9296875,19.7515625 
24,0,0 
