time,session 
0,0 
10,2458.529197478422 
20,2130.426662549451 
24,0 
