time,cpu@tsung_controller@ip-172-31-42-10 
0,1.7820571862724084 
10,1.7820571862724084 
20,1.7820571862724084 
24,1.7820571862724084 
