time,connect,request 
0,2.859111111111111,381.7318888888889 
10,1.3066249999999995,242.74756410256413 
20,0,12.853055555555555 
24,0,0 
