time,size_sent,size_rcv 
0,2.75078125,7.94140625 
10,16.32109375,43.7546875 
20,26.25078125,63.50625 
24,26.25078125,63.50625 
