time,freemem@tsung_controller@ip-172-31-42-10 
0,681.82421875 
10,682.15625 
20,682.15625 
24,682.15625 
