time,freemem@tsung_controller@ip-172-31-42-10 
0,681.82421875 
10,682.15625 
20,680.9765625 
24,681.7109375 
