time,session 
0,3292.184 
10,6241.4731999999985 
20,7873.113764705883 
24,0 
