time,cpu@tsung_controller@ip-172-31-42-10 
0,1.7820571862724084 
10,0.050075112669003496 
20,0.20020020020020018 
24,1.0505252626313157 
