time,connect,request 
0,3.13475,308.9039090909091 
10,1.4445135135135136,122.86148749999995 
