time,connect,request 
0,3.7567295534147784,181.5278108272091 
10,1.1174666479483153,176.6194492614696 
