time,size_sent,size_rcv 
0,3.42890625,19.94296875 
10,34.44296875,197.25078125 
