time,cpu@tsung_controller@ip-172-31-42-10 
0,1.1447929318695582 
10,0.5489021956087825 
