time,size_sent,size_rcv 
0,3.42890625,19.94296875 
10,31.0140625,177.3078125 
