time,freemem@tsung_controller@ip-172-31-42-10 
0,660.20703125 
10,659.81640625 
