time,load@tsung_controller@ip-172-31-42-10 
0,0.23828125 
10,0.19921875 
