time,connect,request 
0,2.9076129171595477,149.98059741550276 
10,0.3104151707492606,234.69912263530338 
