time,cpu@tsung_controller@ip-172-31-42-10 
0,4.432587486055942 
10,4.432587486055942 
