time,size_sent,size_rcv 
0,4.89609375,44.31796875 
10,20.4984375,139.1984375 
