time,session 
0,1325.8341428571425 
10,1429.4381600000006 
