time,session 
0,34.549606032190724 
10,160.55487442782427 
