time,page,tr_SIGN_IN 
0,126.84099999999997,1314.3644285714286 
10,231.01784782608695,1417.5272 
