time,connect,request 
0,1.985181818181818,126.84099999999997 
10,1.203428571428571,231.01784782608695 
