time,page,tr_SIGN_IN 
0,149.98059741550276,28.48264352627579 
10,234.69912263530338,160.85170729787112 
