time,freemem@tsung_controller@ip-172-31-42-10 
0,680.09375 
10,680.09375 
