time,size_sent,size_rcv 
0,4.89609375,44.31796875 
10,15.60234375,94.88046875 
