time,connect,request 
0,1.536505763087142,158.3962580821841 
10,0.7004941231223326,152.88032838781422 
20,0.6611080655800534,1105.3547592990656 
30,0,17.74347357576109 
34,0,10.367413784707031 
