time,freemem@tsung_controller@ip-172-31-42-10 
0,661.24609375 
10,661.24609375 
20,661.24609375 
30,661.24609375 
34,661.24609375 
