time,session 
10,1583.6410645626045 
20,2210.347899525723 
30,2088.0238841473983 
34,0.0 
