time,cpu@tsung_controller@ip-172-31-42-10 
0,0.8065687864096267 
10,0.8065687864096267 
20,0.8065687864096267 
30,1.0972568578553616 
34,1.0972568578553616 
