time,size_sent,size_rcv 
0,4.31875,27.3265625 
10,31.0734375,171.203125 
20,116.33984375,723.36875 
30,153.7125,1054.62578125 
34,3.58671875,26.0703125 
