time,cpu@tsung_controller@ip-172-31-42-10 
0,0.8065687864096267 
10,0.45045045045045046 
20,0.45045045045045046 
30,0.45045045045045046 
34,0.45045045045045046 
