time,size_sent,size_rcv 
0,4.31875,27.3265625 
10,35.3921875,198.5296875 
20,151.73203125,921.8984375 
30,305.44453125,1976.52421875 
34,309.03125,2002.59453125 
