time,session 
10,8379.855142857143 
20,10441.789615384616 
30,13068.784552631576 
34,16733.207 
