time,cpu@tsung_controller@ip-172-31-42-10 
0,0.8065687864096267 
10,0.45045045045045046 
20,0.6490264603095357 
30,1.0972568578553616 
34,0.998502246630055 
