time,freemem@tsung_controller@ip-172-31-42-10 
0,661.24609375 
10,660.06640625 
20,654.66015625 
30,649.77734375 
34,649.765625 
