time,connect,request 
0,1.8572000000000002,247.1281538461539 
10,1.3877272727272723,119.82581538461538 
20,1.4850250000000003,526.8975789473689 
30,0,25.548018939393952 
34,0,20.2895 
