time,connect,request 
0,4.911824019648912,33.6305529398492 
10,0.5530623535752083,250.0878578500418 
