time,page,tr_JOIN_RANDOM_GROUP,tr_LOAD_GROUPS_PAGE,tr_SIGN_UP 
0,390.9754,,,392.3788 
10,253.2101282051282,34.361000000000004,22.358909090909094,475.19249999999994 
