time,freemem@tsung_controller@ip-172-31-42-10 
0,660.2578125 
10,660.69921875 
