time,connect,request 
0,3.382999999999999,390.9754 
10,1.037181818181818,229.64297674418603 
