time,cpu@tsung_controller@ip-172-31-42-10 
0,1.13490623868912 
10,0.999000999000999 
