time,size_sent,size_rcv 
0,1.21875,4.02890625 
10,17.89921875,95.89296875 
