time,size_sent,size_rcv 
0,2.859375,24.3609375 
10,22.74609375,161.709375 
20,110.4421875,693.2515625 
