time,page,tr_SIGN_IN 
0,126.2367,1300.4537500000001 
10,161.50587500000003,1397.0824545454545 
20,838.9928131313128,3682.0953833333333 
