time,connect,request 
0,2.3329999999999997,126.2367 
10,1.6194857142857142,161.50587500000003 
20,1.3639060402684564,838.9928131313128 
