time,page,tr_SIGN_IN 
0,143.792887156528,39.84946153572844 
10,197.63345518228422,93.09384973032088 
20,1381.2284449023464,1191.0783285872385 
