time,session 
0,33.92753438963695 
10,121.72166416226415 
20,1178.1718569150828 
