time,connect,request 
0,2.920509601650598,143.792887156528 
10,1.719451314002374,197.63345518228422 
20,1.0093674831317792,1381.2284449023464 
