time,session 
0,1311.2078000000001 
10,1438.7487826086951 
20,3864.6224838709686 
