time,cpu@tsung_controller@ip-172-31-42-10 
0,5.290072852579737 
10,1.0972568578553616 
20,1.0972568578553616 
