time,freemem@tsung_controller@ip-172-31-42-10 
0,682.859375 
10,683.4609375 
20,683.4609375 
