time,freemem@tsung_controller@ip-172-31-42-10 
0,682.859375 
10,682.859375 
20,678.8828125 
