time,size_sent,size_rcv 
0,2.859375,24.3609375 
10,19.88671875,137.3484375 
20,87.69609375,531.5421875 
