time,freemem@tsung_controller@ip-172-31-42-10 
0,681.20703125 
10,681.20703125 
