time,connect,request 
0,2.3095714285714286,148.00879999999998 
10,1.1162380952380953,289.5060444444444 
11,0,0 
