time,size_sent,size_rcv 
0,7.6234375,58.27265625 
10,23.21484375,152.27890625 
11,23.21484375,152.27890625 
