time,size_sent,size_rcv 
0,7.6234375,58.27265625 
10,15.59140625,94.00625 
11,0,0 
