time,session 
0,33.85958752171231 
10,222.57425446316034 
11,0 
