time,session 
0,1337.1283636363637 
10,1547.118541666666 
11,0 
