time,page,tr_SIGN_IN 
0,148.00879999999998,1323.5753636363634 
10,289.5060444444444,1532.742 
11,0,0 
