time,cpu@tsung_controller@ip-172-31-42-10 
0,4.688173703753757 
10,1.5944195316392624 
