time,page,tr_SIGN_IN 
0,156.37549543173319,34.0828302129139 
10,306.21034476965923,223.48097866820802 
11,0,0 
