time,connect,request 
0,3.376907053043948,156.37549543173319 
10,0.476729423583921,306.21034476965923 
11,0,0 
