time,session 
10,10463.542800000001 
20,10403.207769230768 
30,15189.792 
40,0 
50,39372.4145 
60,45759.61957627118 
70,45589.19927272728 
75,48482.71094444446 
