time,freemem@tsung_controller@ip-172-31-42-10 
0,659.640625 
10,659.65625 
20,659.65625 
30,659.65625 
40,659.65625 
50,659.65625 
60,659.65625 
70,659.65625 
75,659.65625 
