time,session 
10,1490.7818588703583 
20,2677.88793790302 
30,0.0 
40,0 
50,3898.2469268004593 
60,1465.6756660607 
70,1621.7658813597693 
75,478.1728726187414 
