time,load@tsung_controller@ip-172-31-42-10 
0,0.078125 
10,0.0703125 
20,0.05859375 
30,0.05078125 
40,0.0390625 
50,0.03125 
60,0.03125 
70,0.03125 
75,0.03125 
