time,connect,request 
0,3.1977,69.94590625000004 
10,1.7646363636363638,252.86355140186916 
20,0,20.655500000000004 
26,0,10.692285714285713 
