time,freemem@tsung_controller@ip-172-31-41-210 
0,478.796875 
10,478.796875 
20,475.5625 
26,475.5625 
