time,load@tsung_controller@ip-172-31-41-210 
0,0.73828125 
10,0.62109375 
20,0.6796875 
26,0.80859375 
