time,cpu@tsung_controller@ip-172-31-41-210 
0,41.33560348089292 
10,41.33560348089292 
20,54.563792233988906 
26,54.563792233988906 
