time,cpu@tsung_controller@ip-172-31-41-210 
0,41.33560348089292 
10,8.846918489065606 
20,8.846918489065606 
26,8.846918489065606 
