time,cpu@tsung_controller@ip-172-31-41-210 
0,41.33560348089292 
10,8.846918489065606 
20,54.563792233988906 
26,44.489179667840965 
