time,connect,request 
0,4.678611589991203,128.72350297569963 
10,0.6110799341742562,479.96145167308515 
20,0,12.890589007828542 
26,0,7.107986428041665 
