time,size_sent,size_rcv 
0,12.6796875,98.1609375 
10,63.1953125,404.065625 
20,106.66875,558.315625 
26,121.6125,597.4125 
