time,load@tsung_controller@ip-172-31-41-210 
0,0.73828125 
10,0.73828125 
20,0.73828125 
26,0.80859375 
