time,freemem@tsung_controller@ip-172-31-41-210 
0,478.796875 
10,485.25390625 
20,485.25390625 
26,664.9453125 
