time,session 
10,0 
20,1727.2239107316284 
26,1472.4207136457624 
