time,session 
10,16366.475 
20,15974.335000000001 
26,17438.668428571436 
