time,size_sent,size_rcv 
0,12.6796875,98.1609375 
10,50.515625,305.9046875 
20,43.4734375,154.25 
26,14.94375,39.096875 
